Frame,NGT,Density,Std,Avg,Err1px,Err2px,Err3px,Err4px,Err5px,Perc50,Perc90,Perc95,Perc99
146,90211,0.999345977763244,3.9222357416575604,1.5622828753799138,55.215635815067884,19.68231431360369,5.600541308013133,3.075916230366492,2.4403230100275093,1.12109375,2.5234375,3.1171875,10.95703125
110,107212,0.9999906726858934,5.490396354044203,1.3963797150012591,42.516159722416546,6.687746593166746,2.210594062176456,1.667739317793883,1.4186977082575483,0.8828125,1.79296875,2.17578125,8.21484375
74,77896,0.9992297422203964,7.302517601706748,1.931403598190426,46.50033403566473,11.334087054833239,4.57500385425767,3.4225808109358136,3.0204532607019887,0.93359375,2.10546875,2.8515625,44.87832031249843
80,72788,0.9995878441501347,3.16208398793122,1.4324252251470628,52.78182467907309,12.967646169493388,4.77748151406031,3.2010225679650346,2.632012974518266,1.0625,2.18359375,2.9375,11.0390625
17,73535,0.9998096144693003,3.7019406464612836,1.300890274972457,37.18529399763333,9.012391017532405,5.012173392636117,3.668339658056882,2.943376722297031,0.77734375,1.90625,3.0078125,13.378906250000057
85,114401,0.9714687808673002,15.588993326839049,5.7128917321639054,46.63433420013137,21.31333399317959,16.347391057883513,14.682778912513385,13.80818269343243,0.92578125,17.153906250000034,41.18046874999999,72.58140624999999
143,92278,0.9989379917206701,11.863292126883776,3.7841492189195054,48.12649164677804,20.71816012150141,13.104794966370145,10.909090909090908,9.929485788674333,0.9609375,4.90625,19.81269531250001,67.11511718750018
97,49532,0.9982031817814746,4.7204431072348445,1.3652318073336973,35.11720567117691,9.228808931496875,5.254535525756932,3.8003357401452176,3.0075035899925164,0.73046875,1.91015625,3.1519531249999773,14.857734375000007
Average,677853,0.994666985319826,8.747136712428354,2.509475511614593,46.103898030072465,14.408117015059965,7.562166475339568,6.007374250635532,5.359680112957146,0.92578125,2.453125,5.875,52.3671875
