Frame,NGT,Density,Std,Avg,Err1px,Err2px,Err3px,Err4px,Err5px,Perc50,Perc90,Perc95,Perc99
146,90211,0.9993127223952734,2.8820603632804014,1.0419292383304308,31.227190540105823,7.733862827097361,3.16476056306781,2.2218771145547924,1.8624721294745366,0.6640625,1.8046875,2.359375,9.3828125
110,107212,0.9999813453717867,5.03352030609292,1.0193694763781365,18.90402014737431,3.943661971830986,1.8897490905699095,1.3720735006062867,1.221900942076299,0.47265625,1.30859375,1.78125,8.167617187500014
74,77896,0.9993966314059772,5.090730799915797,1.2520713677279092,27.66509524849388,8.778532800678237,3.3436524553944174,1.9704813163945587,1.7110046371822374,0.58984375,1.86328125,2.55078125,10.369218750000016
80,72788,0.9992718579985712,2.5967525644383684,0.951572596583488,25.466419192960746,7.407712930501134,3.586993881900048,2.5228569464494397,2.051282051282051,0.5625,1.671875,2.44921875,8.859375
17,73535,0.9999048072346501,2.77652796720256,1.086081365262213,28.194701338265695,9.435861168534435,5.087857686867588,3.676150582091176,2.8995756718528995,0.59765625,1.9296875,3.0533203124999773,9.690351562499984
85,114401,0.9867483675841995,15.737603671025267,5.674709916341852,34.289763919032644,19.45254019577446,16.04819063648846,14.790273286973468,14.195863046463215,0.65625,19.328125,42.4921875,69.59375
143,92278,0.99914389128503,9.254477277007481,2.558153974351674,34.79213440492847,14.776732936365905,9.70075597349212,7.784249286868621,6.796169155847677,0.6796875,2.90625,9.09375,51.222734375000016
97,49532,0.9998182992812727,4.511337766694822,1.2911689234042767,30.165781556044667,10.419401086363912,5.155180421218423,3.362074187751146,2.542253094521737,0.6328125,2.046875,3.04296875,15.588124999999991
Average,677853,0.9973814381584207,8.012350524360999,2.056196819884318,28.83306364058585,10.516981768375839,6.42603368250409,5.189342058164886,4.658486151006245,0.6015625,2.07421875,4.296875,48.48917968749993
