Frame,NGT,Density,Std,Avg,Err1px,Err2px,Err3px,Err4px,Err5px,Perc50,Perc90,Perc95,Perc99
146,90211,0.9994568289898128,3.794799572924474,1.1518200832251946,30.648166633393224,7.901333155874981,3.828663960426787,2.873716199729376,2.479980479581198,0.65625,1.80078125,2.51171875,11.194453124999995
110,107212,0.9999720180576801,5.4411373417144695,1.0604522329048867,19.212939212193007,4.172224346836553,2.0418061916443584,1.5511757408426532,1.349700118460204,0.47265625,1.32421875,1.82421875,8.191093749999993
74,77896,0.998510834959433,7.231908565162781,1.7059873903156337,29.35973257906917,10.561841090254564,4.987143224479301,3.2759064026742095,2.8349190023142197,0.609375,2.0667968750000227,3.0,42.95398437500205
80,72788,0.9991756883002693,3.001962732926093,1.057388649746315,26.722857771422287,8.46029039709603,4.263832361676383,3.107468925310747,2.5602243977560226,0.5703125,1.81640625,2.703125,11.0234375
17,73535,0.999700822737472,3.6579986406680343,1.2325387495238938,30.152490035775987,10.4988233373689,5.518751785398501,4.159808469250336,3.2334417041883747,0.625,2.0625,3.40234375,13.09375
85,114401,0.9711016512093426,15.529687988906884,5.495647517327512,34.316575903506006,18.90454115846798,15.587560196228454,14.35978216841442,13.693685584409739,0.6640625,16.835937500000114,41.06289062499968,72.34789062499999
143,92278,0.9986995816987798,11.773082695076514,3.591503094549578,37.50081381974435,17.56765554808047,12.689077453937802,10.849844831702077,9.902558649276243,0.7265625,4.86328125,19.45703125,66.64621093749997
97,49532,0.9979407251877574,4.676803491014145,1.347527674868501,31.161238114505363,11.029739024883673,5.980173983410884,4.050171960347967,3.178231843010318,0.65234375,2.12890625,3.3046875,14.881679687499997
Average,677853,0.994426520204233,8.683474708617211,2.263656868903683,29.78229425509031,11.323220709861662,7.216556021214257,5.945035789786003,5.346141008048066,0.61328125,2.203125,5.859375,52.25390625
