Frame,NGT,Density,Std,Avg,Err1px,Err2px,Err3px,Err4px,Err5px,Perc50,Perc90,Perc95,Perc99
146,90211,1.0,2.7742274394909012,1.0119149480107748,29.330126037844607,6.850605801953199,3.059493853299487,2.3012714635687446,1.9897795169103547,0.63671875,1.71484375,2.271484375,9.359375
110,107212,1.0,4.873154164786293,0.9700164014988993,18.43357086893258,3.580755885535201,1.6957057045853077,1.2573219415737045,1.0745065850837592,0.46875,1.27734375,1.7265625,5.8741406249999955
74,77896,1.0,5.327467794678531,1.2583684796876604,26.881996508164733,8.630738420458046,3.015559207147992,1.8781452192667145,1.6727431447057615,0.57421875,1.84765625,2.5087890625,11.35546875
80,72788,1.0,2.2317359974416577,0.9003286942902676,23.498378853657197,6.568390394020993,3.243666538440402,2.3479144913996812,1.9934604605154695,0.52734375,1.59765625,2.28125,8.8046875
17,73535,1.0,2.829660156776257,1.0554461204698442,26.905555177806487,8.778132861902495,4.741959611069559,3.293669681104236,2.532127558305569,0.58203125,1.84765625,2.875,10.07421875
85,114401,1.0,18.882871705619127,6.925632684045594,35.51454969799215,20.812755133259326,17.236737441106285,15.922937736558247,15.309306736829223,0.6796875,24.671875,54.48046875,82.609375
143,92278,1.0,8.419817800182546,2.237767432378248,33.944168707600944,13.182990528620039,8.232731528641713,6.54543878280847,5.718589479615943,0.67578125,2.51953125,6.3019531249999545,45.71152343749992
97,49532,1.0,4.234795257834952,1.2394224787763466,31.163692158604537,10.750625858031173,4.986675280626666,2.856739077767908,2.1824275216021967,0.65234375,2.08203125,2.99609375,11.796875
Average,677853,1.0,8.976834771706582,2.2079087448255743,28.24196396563857,10.220209986531003,6.278794959969197,5.117481223805162,4.637436140284103,0.59375,2.03515625,4.17578125,56.7578125
